,Mob dist,Threshold,Anomaly
2004-02-12 11:02:39,1.6670019566427545,3.724604979746432,False
2004-02-12 11:12:39,1.6994150233677583,3.724604979746432,False
2004-02-12 11:22:39,2.6719683661415377,3.724604979746432,False
2004-02-12 11:32:39,1.4246173832151339,3.724604979746432,False
2004-02-12 11:42:39,1.6246007732281356,3.724604979746432,False
2004-02-12 11:52:39,2.6442383114634054,3.724604979746432,False
2004-02-12 12:02:39,1.9877150122803444,3.724604979746432,False
2004-02-12 12:12:39,1.7865363354693833,3.724604979746432,False
2004-02-12 12:22:39,1.3190398892542257,3.724604979746432,False
2004-02-12 12:32:39,1.502585342664986,3.724604979746432,False
2004-02-12 12:42:39,1.4967480669610618,3.724604979746432,False
2004-02-12 12:52:39,1.0501458254233988,3.724604979746432,False
2004-02-12 13:02:39,1.0423817288609571,3.724604979746432,False
2004-02-12 13:12:39,1.9182141346670722,3.724604979746432,False
2004-02-12 13:22:39,1.5923886642505163,3.724604979746432,False
2004-02-12 13:32:39,1.1056954774940182,3.724604979746432,False
2004-02-12 13:42:39,1.7980886341652855,3.724604979746432,False
2004-02-12 13:52:39,1.296266501786867,3.724604979746432,False
2004-02-12 14:02:39,2.2820809854296225,3.724604979746432,False
2004-02-12 14:12:39,2.429451186371042,3.724604979746432,False
2004-02-12 14:22:39,2.304208446084915,3.724604979746432,False
2004-02-12 14:32:39,2.4630265822981467,3.724604979746432,False
2004-02-12 14:42:39,1.4119732700888388,3.724604979746432,False
2004-02-12 14:52:39,0.9889674764199775,3.724604979746432,False
2004-02-12 15:02:39,1.1847167931001577,3.724604979746432,False
2004-02-12 15:12:39,1.9672665200487578,3.724604979746432,False
2004-02-12 15:22:39,1.0146401083043755,3.724604979746432,False
2004-02-12 15:32:39,2.1108162743194594,3.724604979746432,False
2004-02-12 15:42:39,2.306488096453018,3.724604979746432,False
2004-02-12 15:52:39,0.09776187292452163,3.724604979746432,False
2004-02-12 16:02:39,1.8046076338833705,3.724604979746432,False
2004-02-12 16:12:39,2.0481893149081514,3.724604979746432,False
2004-02-12 16:22:39,0.45427991946515783,3.724604979746432,False
2004-02-12 16:32:39,0.8663650298490815,3.724604979746432,False
2004-02-12 16:42:39,2.088459661841945,3.724604979746432,False
2004-02-12 16:52:39,1.1640335682051262,3.724604979746432,False
2004-02-12 17:02:39,1.9427786270274323,3.724604979746432,False
2004-02-12 17:12:39,1.7101365316711141,3.724604979746432,False
2004-02-12 17:22:39,1.0973578432208433,3.724604979746432,False
2004-02-12 17:32:39,0.7188786998102652,3.724604979746432,False
2004-02-12 17:42:39,0.5205877886049969,3.724604979746432,False
2004-02-12 17:52:39,1.3241303007944065,3.724604979746432,False
2004-02-12 18:02:39,0.10921512111237372,3.724604979746432,False
2004-02-12 18:12:39,1.74480312019446,3.724604979746432,False
2004-02-12 18:22:39,1.1275735717191817,3.724604979746432,False
2004-02-12 18:32:39,1.4857142580550853,3.724604979746432,False
2004-02-12 18:42:39,0.7859558847417333,3.724604979746432,False
2004-02-12 18:52:39,1.3026832765506562,3.724604979746432,False
2004-02-12 19:02:39,1.4201065609023835,3.724604979746432,False
2004-02-12 19:12:39,1.097951579620245,3.724604979746432,False
2004-02-12 19:22:39,2.433083248495988,3.724604979746432,False
2004-02-12 19:32:39,0.9600509014773738,3.724604979746432,False
2004-02-12 19:42:39,1.3664106111390848,3.724604979746432,False
2004-02-12 19:52:39,0.4319011793760941,3.724604979746432,False
2004-02-12 20:02:39,1.6681096047720925,3.724604979746432,False
2004-02-12 20:12:39,2.2443457981164117,3.724604979746432,False
2004-02-12 20:22:39,2.200945651446985,3.724604979746432,False
2004-02-12 20:32:39,1.1743742706891667,3.724604979746432,False
2004-02-12 20:42:39,1.7322839941728987,3.724604979746432,False
2004-02-12 20:52:39,2.0574204459631003,3.724604979746432,False
2004-02-12 21:02:39,0.9077194476396954,3.724604979746432,False
2004-02-12 21:12:39,0.5795473982128552,3.724604979746432,False
2004-02-12 21:22:39,0.8081856307401644,3.724604979746432,False
2004-02-12 21:32:39,1.1158300084927926,3.724604979746432,False
2004-02-12 21:42:39,0.7870648221883809,3.724604979746432,False
2004-02-12 21:52:39,1.5821423619441028,3.724604979746432,False
2004-02-12 22:02:39,0.5232440439228333,3.724604979746432,False
2004-02-12 22:12:39,1.0093038414709063,3.724604979746432,False
2004-02-12 22:22:39,0.8078670114441984,3.724604979746432,False
2004-02-12 22:32:39,1.5686468788076053,3.724604979746432,False
2004-02-12 22:42:39,1.6567717454320732,3.724604979746432,False
2004-02-12 22:52:39,1.85872971228014,3.724604979746432,False
2004-02-12 23:02:39,1.2296383216203468,3.724604979746432,False
2004-02-12 23:12:39,0.3564179280815509,3.724604979746432,False
2004-02-12 23:22:39,0.804903335204003,3.724604979746432,False
2004-02-12 23:32:39,1.6501900055433072,3.724604979746432,False
2004-02-12 23:42:39,1.110036968328898,3.724604979746432,False
2004-02-12 23:52:39,1.7976963476466845,3.724604979746432,False
2004-02-13 00:02:39,1.3189178376683623,3.724604979746432,False
2004-02-13 00:12:39,0.056946908348558846,3.724604979746432,False
2004-02-13 00:22:39,1.4953580879097834,3.724604979746432,False
2004-02-13 00:32:39,0.36230517391110906,3.724604979746432,False
2004-02-13 00:42:39,1.2222490046039993,3.724604979746432,False
2004-02-13 00:52:39,1.0201140995228366,3.724604979746432,False
2004-02-13 01:02:39,1.880873312719153,3.724604979746432,False
2004-02-13 01:12:39,1.3247307127790473,3.724604979746432,False
2004-02-13 01:22:39,1.326166144660841,3.724604979746432,False
2004-02-13 01:32:39,1.1117190433618627,3.724604979746432,False
2004-02-13 01:42:39,0.19376562052882618,3.724604979746432,False
2004-02-13 01:52:39,1.6504398516549186,3.724604979746432,False
2004-02-13 02:02:39,1.2932745776923733,3.724604979746432,False
2004-02-13 02:12:39,1.016406244883517,3.724604979746432,False
2004-02-13 02:22:39,0.3661257716636028,3.724604979746432,False
2004-02-13 02:32:39,0.9402193981112796,3.724604979746432,False
2004-02-13 02:42:39,1.0427900702399127,3.724604979746432,False
2004-02-13 02:52:39,1.938883302785088,3.724604979746432,False
2004-02-13 03:02:39,0.9695683281490176,3.724604979746432,False
2004-02-13 03:12:39,0.18626583371269442,3.724604979746432,False
2004-02-13 03:22:39,0.9625044816791687,3.724604979746432,False
2004-02-13 03:32:39,0.29264945757013516,3.724604979746432,False
2004-02-13 03:42:39,1.034456338007449,3.724604979746432,False
2004-02-13 03:52:39,0.8782411724293105,3.724604979746432,False
2004-02-13 04:02:39,1.2910511957745934,3.724604979746432,False
2004-02-13 04:12:39,0.6510828178047426,3.724604979746432,False
2004-02-13 04:22:39,0.9711208532783384,3.724604979746432,False
2004-02-13 04:32:39,0.9733920847001595,3.724604979746432,False
2004-02-13 04:42:39,1.5769094296369714,3.724604979746432,False
2004-02-13 04:52:39,0.6031721289126837,3.724604979746432,False
2004-02-13 05:02:39,1.3559533342268786,3.724604979746432,False
2004-02-13 05:12:39,1.8087634945897766,3.724604979746432,False
2004-02-13 05:22:39,0.7543722839838687,3.724604979746432,False
2004-02-13 05:32:39,0.8571787106898939,3.724604979746432,False
2004-02-13 05:42:39,1.015462953377391,3.724604979746432,False
2004-02-13 05:52:39,1.2488490923215247,3.724604979746432,False
2004-02-13 06:02:39,0.815646232001947,3.724604979746432,False
2004-02-13 06:12:39,1.7351553757812657,3.724604979746432,False
2004-02-13 06:22:39,0.18613182369549558,3.724604979746432,False
2004-02-13 06:32:39,1.1807090485221903,3.724604979746432,False
2004-02-13 06:42:39,1.8438263975812106,3.724604979746432,False
2004-02-13 06:52:39,0.6839524714839059,3.724604979746432,False
2004-02-13 07:02:39,0.9775993983581659,3.724604979746432,False
2004-02-13 07:12:39,1.5723326477510944,3.724604979746432,False
2004-02-13 07:22:39,0.17619154650931212,3.724604979746432,False
2004-02-13 07:32:39,1.8141554559728823,3.724604979746432,False
2004-02-13 07:42:39,0.8447874509315668,3.724604979746432,False
2004-02-13 07:52:39,0.7518659663264459,3.724604979746432,False
2004-02-13 08:02:39,1.6974708350272758,3.724604979746432,False
2004-02-13 08:12:39,0.6626441654724647,3.724604979746432,False
2004-02-13 08:22:39,0.7147780444759394,3.724604979746432,False
2004-02-13 08:32:39,1.1639219843642925,3.724604979746432,False
2004-02-13 08:42:39,1.7560271265879182,3.724604979746432,False
2004-02-13 08:52:39,0.3708886771596565,3.724604979746432,False
2004-02-13 09:02:39,1.4264873025045168,3.724604979746432,False
2004-02-13 09:12:39,1.0524640567655767,3.724604979746432,False
2004-02-13 09:22:39,0.3175683682374574,3.724604979746432,False
2004-02-13 09:32:39,1.3928913113343202,3.724604979746432,False
2004-02-13 09:42:39,2.2984272776255277,3.724604979746432,False
2004-02-13 09:52:39,1.036584199071637,3.724604979746432,False
2004-02-13 10:02:39,0.13204025754632295,3.724604979746432,False
2004-02-13 10:12:39,0.22781240703786326,3.724604979746432,False
2004-02-13 10:22:39,0.6910632582344219,3.724604979746432,False
2004-02-13 10:32:39,0.7162004063999007,3.724604979746432,False
2004-02-13 10:42:39,1.3001449581755355,3.724604979746432,False
2004-02-13 10:52:39,0.732181225772427,3.724604979746432,False
2004-02-13 11:02:39,2.3118704935544305,3.724604979746432,False
2004-02-13 11:12:39,1.4088552507009355,3.724604979746432,False
2004-02-13 11:22:39,0.9090657197573799,3.724604979746432,False
2004-02-13 11:32:39,1.723641551769224,3.724604979746432,False
2004-02-13 11:42:39,0.9046957735847856,3.724604979746432,False
2004-02-13 11:52:39,0.24841844367022864,3.724604979746432,False
2004-02-13 12:02:39,1.1780068960292835,3.724604979746432,False
2004-02-13 12:12:39,0.7572270488300015,3.724604979746432,False
2004-02-13 12:22:39,1.0220562845046581,3.724604979746432,False
2004-02-13 12:32:39,1.3391934769942238,3.724604979746432,False
2004-02-13 12:42:39,0.6799004699604286,3.724604979746432,False
2004-02-13 12:52:39,1.4289006186318662,3.724604979746432,False
2004-02-13 13:02:39,0.3743129324407812,3.724604979746432,False
2004-02-13 13:12:39,1.5427559406176101,3.724604979746432,False
2004-02-13 13:22:39,0.927057108352308,3.724604979746432,False
2004-02-13 13:32:39,1.6892956105838406,3.724604979746432,False
2004-02-13 13:42:39,0.6755534232245837,3.724604979746432,False
2004-02-13 13:52:39,1.7314544282546223,3.724604979746432,False
2004-02-13 14:02:39,1.7082572608834092,3.724604979746432,False
2004-02-13 14:12:39,0.20822476850907873,3.724604979746432,False
2004-02-13 14:22:39,0.27287869331605574,3.724604979746432,False
2004-02-13 14:32:39,0.809600798953313,3.724604979746432,False
2004-02-13 14:42:39,2.06701046582878,3.724604979746432,False
2004-02-13 14:52:39,1.7298363769410305,3.724604979746432,False
2004-02-13 15:02:39,0.4090505288835447,3.724604979746432,False
2004-02-13 15:12:39,1.52569152305448,3.724604979746432,False
2004-02-13 15:22:39,1.9355875517361032,3.724604979746432,False
2004-02-13 15:32:39,1.580938177528005,3.724604979746432,False
2004-02-13 15:42:39,1.1801624022944266,3.724604979746432,False
2004-02-13 15:52:39,0.48266704986758246,3.724604979746432,False
2004-02-13 16:02:39,1.4646820300739471,3.724604979746432,False
2004-02-13 16:12:39,2.0109070914828786,3.724604979746432,False
2004-02-13 16:22:39,1.7980630028400106,3.724604979746432,False
2004-02-13 16:32:39,1.4075766746969538,3.724604979746432,False
2004-02-13 16:42:39,0.4740306500734327,3.724604979746432,False
2004-02-13 16:52:39,2.275886001364548,3.724604979746432,False
2004-02-13 17:02:39,0.34764189455642114,3.724604979746432,False
2004-02-13 17:12:39,1.1665421600510937,3.724604979746432,False
2004-02-13 17:22:39,0.5384476407200461,3.724604979746432,False
2004-02-13 17:32:39,0.3577477093592499,3.724604979746432,False
2004-02-13 17:42:39,3.1834502955383175,3.724604979746432,False
2004-02-13 17:52:39,2.134956068891985,3.724604979746432,False
2004-02-13 18:02:39,1.3980929063954588,3.724604979746432,False
2004-02-13 18:12:39,2.2707078330583754,3.724604979746432,False
2004-02-13 18:22:39,1.1701784629921461,3.724604979746432,False
2004-02-13 18:32:39,1.7046578653785551,3.724604979746432,False
2004-02-13 18:42:39,1.636971648197008,3.724604979746432,False
2004-02-13 18:52:39,1.0047969861222381,3.724604979746432,False
2004-02-13 19:02:39,1.2361230247436161,3.724604979746432,False
2004-02-13 19:12:39,1.6152477225689186,3.724604979746432,False
2004-02-13 19:22:39,2.832846734292563,3.724604979746432,False
2004-02-13 19:32:39,0.768792052592659,3.724604979746432,False
2004-02-13 19:42:39,1.3255039625123397,3.724604979746432,False
2004-02-13 19:52:39,0.7445019936668221,3.724604979746432,False
2004-02-13 20:02:39,1.1302940173434979,3.724604979746432,False
2004-02-13 20:12:39,1.2015475255429247,3.724604979746432,False
2004-02-13 20:22:39,0.9417844809288499,3.724604979746432,False
2004-02-13 20:32:39,1.5881824829898112,3.724604979746432,False
2004-02-13 20:42:39,1.7013404270978054,3.724604979746432,False
2004-02-13 20:52:39,1.551012941795082,3.724604979746432,False
2004-02-13 21:02:39,1.5848723205086968,3.724604979746432,False
2004-02-13 21:12:39,2.392897802939487,3.724604979746432,False
2004-02-13 21:22:39,2.1327051889054154,3.724604979746432,False
2004-02-13 21:32:39,2.1103584690770862,3.724604979746432,False
2004-02-13 21:42:39,1.6759902743988477,3.724604979746432,False
2004-02-13 21:52:39,0.16357359563254914,3.724604979746432,False
2004-02-13 22:02:39,1.9985058530196556,3.724604979746432,False
2004-02-13 22:12:39,1.5247627085827993,3.724604979746432,False
2004-02-13 22:22:39,1.5821899205465346,3.724604979746432,False
2004-02-13 22:32:39,2.227171231080886,3.724604979746432,False
2004-02-13 22:42:39,0.14750140343039111,3.724604979746432,False
2004-02-13 22:52:39,1.0907135920219588,3.724604979746432,False
2004-02-13 23:02:39,1.1117900912433953,3.724604979746432,False
2004-02-13 23:12:39,1.153338753112213,3.724604979746432,False
2004-02-13 23:22:39,0.9966052411532883,3.724604979746432,False
2004-02-13 23:32:39,1.6020255091398594,3.724604979746432,False
2004-02-13 23:42:39,1.1290634101883166,3.724604979746432,False
2004-02-13 23:52:39,1.0326759949085225,3.724604979746432,False
2004-02-13 23:52:39,1.0326759949085216,3.724604979746432,False
2004-02-14 00:02:39,1.1481629321334448,3.724604979746432,False
2004-02-14 00:12:39,1.509997906732131,3.724604979746432,False
2004-02-14 00:22:39,1.8497246384634216,3.724604979746432,False
2004-02-14 00:32:39,0.7010751864828413,3.724604979746432,False
2004-02-14 00:42:39,0.9903496793504575,3.724604979746432,False
2004-02-14 00:52:39,2.517324229519349,3.724604979746432,False
2004-02-14 01:02:39,2.1335380280790495,3.724604979746432,False
2004-02-14 01:12:39,2.3822701620216686,3.724604979746432,False
2004-02-14 01:22:39,2.637367364487945,3.724604979746432,False
2004-02-14 01:32:39,1.51954248840191,3.724604979746432,False
2004-02-14 01:42:39,1.2556800949523041,3.724604979746432,False
2004-02-14 01:52:39,0.43589436025716605,3.724604979746432,False
2004-02-14 02:02:39,0.8022890706320014,3.724604979746432,False
2004-02-14 02:12:39,1.7916246994787937,3.724604979746432,False
2004-02-14 02:22:39,1.102813657348696,3.724604979746432,False
2004-02-14 02:32:39,0.87174617938064,3.724604979746432,False
2004-02-14 02:42:39,1.4611989414479,3.724604979746432,False
2004-02-14 02:52:39,1.707026376989617,3.724604979746432,False
2004-02-14 03:02:39,2.4699111935154314,3.724604979746432,False
2004-02-14 03:12:39,1.3466431441285285,3.724604979746432,False
2004-02-14 03:22:39,0.6203886660419434,3.724604979746432,False
2004-02-14 03:32:39,0.9262896327560832,3.724604979746432,False
2004-02-14 03:42:39,2.3179269566134675,3.724604979746432,False
2004-02-14 03:52:39,0.7467221124671429,3.724604979746432,False
2004-02-14 04:02:39,1.7387358625132705,3.724604979746432,False
2004-02-14 04:12:39,2.0832688456511055,3.724604979746432,False
2004-02-14 04:22:39,2.0805871949807417,3.724604979746432,False
2004-02-14 04:32:39,0.1398405458674336,3.724604979746432,False
2004-02-14 04:42:39,1.0547066268804932,3.724604979746432,False
2004-02-14 04:52:39,1.1706844318565908,3.724604979746432,False
2004-02-14 05:02:39,1.4277335040218755,3.724604979746432,False
2004-02-14 05:12:39,1.3327339669257439,3.724604979746432,False
2004-02-14 05:22:39,2.0853128331267565,3.724604979746432,False
2004-02-14 05:32:39,2.264490278814128,3.724604979746432,False
2004-02-14 05:42:39,0.2712228484114436,3.724604979746432,False
2004-02-14 05:52:39,1.3406574126076105,3.724604979746432,False
2004-02-14 06:02:39,1.0381585988304098,3.724604979746432,False
2004-02-14 06:12:39,1.0462328584825469,3.724604979746432,False
2004-02-14 06:22:39,2.1471463825455497,3.724604979746432,False
2004-02-14 06:32:39,1.436948202620929,3.724604979746432,False
2004-02-14 06:42:39,0.1820788739021747,3.724604979746432,False
2004-02-14 06:52:39,0.9873209522579889,3.724604979746432,False
2004-02-14 07:02:39,1.557920354791297,3.724604979746432,False
2004-02-14 07:12:39,0.39597859290987114,3.724604979746432,False
2004-02-14 07:22:39,1.1419603407066443,3.724604979746432,False
2004-02-14 07:32:39,2.079643639458686,3.724604979746432,False
2004-02-14 07:42:39,1.3908464073892333,3.724604979746432,False
2004-02-14 07:52:39,2.504638694205882,3.724604979746432,False
2004-02-14 08:02:39,1.453561492049348,3.724604979746432,False
2004-02-14 08:12:39,0.1894190336490498,3.724604979746432,False
2004-02-14 08:22:39,1.5748822433687306,3.724604979746432,False
2004-02-14 08:32:39,0.5432971087317798,3.724604979746432,False
2004-02-14 08:42:39,1.8253324735959973,3.724604979746432,False
2004-02-14 08:52:39,1.1748518356685738,3.724604979746432,False
2004-02-14 09:02:39,2.5234268438865604,3.724604979746432,False
2004-02-14 09:12:39,1.1544487408970623,3.724604979746432,False
2004-02-14 09:22:39,1.1543433693460394,3.724604979746432,False
2004-02-14 09:32:39,2.069782971852488,3.724604979746432,False
2004-02-14 09:42:39,1.0850341140758573,3.724604979746432,False
2004-02-14 09:52:39,1.4422180657815915,3.724604979746432,False
2004-02-14 10:02:39,2.317163595734636,3.724604979746432,False
2004-02-14 10:12:39,0.7371099588138921,3.724604979746432,False
2004-02-14 10:22:39,2.080802917032218,3.724604979746432,False
2004-02-14 10:32:39,0.9620978226222298,3.724604979746432,False
2004-02-14 10:42:39,2.1293110017349033,3.724604979746432,False
2004-02-14 10:52:39,1.952272001116879,3.724604979746432,False
2004-02-14 11:02:39,1.1557389928505493,3.724604979746432,False
2004-02-14 11:12:39,1.6098849032070857,3.724604979746432,False
2004-02-14 11:22:39,1.4661878919645954,3.724604979746432,False
2004-02-14 11:32:39,1.7722797743655194,3.724604979746432,False
2004-02-14 11:42:39,1.7216183956721567,3.724604979746432,False
2004-02-14 11:52:39,1.295531273164205,3.724604979746432,False
2004-02-14 12:02:39,0.9914533294524359,3.724604979746432,False
2004-02-14 12:12:39,1.948080932018785,3.724604979746432,False
2004-02-14 12:22:39,0.5586605337115286,3.724604979746432,False
2004-02-14 12:32:39,1.0496330103313263,3.724604979746432,False
2004-02-14 12:42:39,1.4029998283218912,3.724604979746432,False
2004-02-14 12:52:39,1.9496839742424423,3.724604979746432,False
2004-02-14 13:02:39,1.6408899968896682,3.724604979746432,False
2004-02-14 13:12:39,0.8155860848932801,3.724604979746432,False
2004-02-14 13:22:39,2.3396130884560833,3.724604979746432,False
2004-02-14 13:32:39,1.707020993060986,3.724604979746432,False
2004-02-14 13:42:39,1.2685048360837823,3.724604979746432,False
2004-02-14 13:52:39,2.1113551199290415,3.724604979746432,False
2004-02-14 14:02:39,3.0789379389531666,3.724604979746432,False
2004-02-14 14:12:39,0.6663087740280138,3.724604979746432,False
2004-02-14 14:22:39,1.0042056550714216,3.724604979746432,False
2004-02-14 14:32:39,2.0021864382250594,3.724604979746432,False
2004-02-14 14:42:39,2.858400076506955,3.724604979746432,False
2004-02-14 14:52:39,1.1650389412444526,3.724604979746432,False
2004-02-14 15:02:39,1.9048748373132458,3.724604979746432,False
2004-02-14 15:12:39,0.9304970692458465,3.724604979746432,False
2004-02-14 15:22:39,1.7148671406362668,3.724604979746432,False
2004-02-14 15:32:39,1.310608002696525,3.724604979746432,False
2004-02-14 15:42:39,2.1388416087838196,3.724604979746432,False
2004-02-14 15:52:39,0.723328488168254,3.724604979746432,False
2004-02-14 16:02:39,0.8618934210581329,3.724604979746432,False
2004-02-14 16:12:39,2.320323985184989,3.724604979746432,False
2004-02-14 16:22:39,1.270655285453933,3.724604979746432,False
2004-02-14 16:32:39,0.8327311665857913,3.724604979746432,False
2004-02-14 16:42:39,1.4315803405379919,3.724604979746432,False
2004-02-14 16:52:39,1.1522608718806835,3.724604979746432,False
2004-02-14 17:02:39,1.5728247812823009,3.724604979746432,False
2004-02-14 17:12:39,0.6110590427599064,3.724604979746432,False
2004-02-14 17:22:39,1.0899164450007433,3.724604979746432,False
2004-02-14 17:32:39,1.4936819568383952,3.724604979746432,False
2004-02-14 17:42:39,1.3425449144758745,3.724604979746432,False
2004-02-14 17:52:39,3.0923902519845985,3.724604979746432,False
2004-02-14 18:02:39,2.7495214871667737,3.724604979746432,False
2004-02-14 18:12:39,2.0615817570635904,3.724604979746432,False
2004-02-14 18:22:39,1.3404682663043577,3.724604979746432,False
2004-02-14 18:32:39,2.5032850957900266,3.724604979746432,False
2004-02-14 18:42:39,1.053176432194551,3.724604979746432,False
2004-02-14 18:52:39,1.604356273901832,3.724604979746432,False
2004-02-14 19:02:39,0.481345803910336,3.724604979746432,False
2004-02-14 19:12:39,2.4978665713569144,3.724604979746432,False
2004-02-14 19:22:39,1.8153318859009004,3.724604979746432,False
2004-02-14 19:32:39,1.7373610840013918,3.724604979746432,False
2004-02-14 19:42:39,0.9031530674052746,3.724604979746432,False
2004-02-14 19:52:39,2.2121776523496806,3.724604979746432,False
2004-02-14 20:02:39,0.9242457150151937,3.724604979746432,False
2004-02-14 20:12:39,1.0919400683074914,3.724604979746432,False
2004-02-14 20:22:39,0.9450195253879962,3.724604979746432,False
2004-02-14 20:32:39,2.1115654078291293,3.724604979746432,False
2004-02-14 20:42:39,2.1685624469651916,3.724604979746432,False
2004-02-14 20:52:39,3.1623686599800602,3.724604979746432,False
2004-02-14 21:02:39,1.4911460970710442,3.724604979746432,False
2004-02-14 21:12:39,0.7992842135608905,3.724604979746432,False
2004-02-14 21:22:39,1.9320955870369658,3.724604979746432,False
2004-02-14 21:32:39,1.50935683863648,3.724604979746432,False
2004-02-14 21:42:39,2.8639000635144933,3.724604979746432,False
2004-02-14 21:52:39,0.340222568345702,3.724604979746432,False
2004-02-14 22:02:39,1.066321211906621,3.724604979746432,False
2004-02-14 22:12:39,1.6325751025246829,3.724604979746432,False
2004-02-14 22:22:39,1.520466668270636,3.724604979746432,False
2004-02-14 22:32:39,1.6022315204711166,3.724604979746432,False
2004-02-14 22:42:39,3.1597580796075633,3.724604979746432,False
2004-02-14 22:52:39,1.730651714908953,3.724604979746432,False
2004-02-14 23:02:39,1.3224396625251533,3.724604979746432,False
2004-02-14 23:12:39,1.139372547444225,3.724604979746432,False
2004-02-14 23:22:39,1.2004431821404673,3.724604979746432,False
2004-02-14 23:32:39,1.6374762574489659,3.724604979746432,False
2004-02-14 23:42:39,0.3473062726683006,3.724604979746432,False
2004-02-14 23:52:39,2.0792383119016837,3.724604979746432,False
2004-02-15 00:02:39,1.1353912095457077,3.724604979746432,False
2004-02-15 00:12:39,2.140012305944105,3.724604979746432,False
2004-02-15 00:22:39,3.54305381361841,3.724604979746432,False
2004-02-15 00:32:39,2.259913868024418,3.724604979746432,False
2004-02-15 00:42:39,1.2872872176984638,3.724604979746432,False
2004-02-15 00:52:39,1.2589329922639072,3.724604979746432,False
2004-02-15 01:02:39,1.368177832447832,3.724604979746432,False
2004-02-15 01:12:39,3.1751289981421897,3.724604979746432,False
2004-02-15 01:22:39,2.2015594481995806,3.724604979746432,False
2004-02-15 01:32:39,2.2430692718472263,3.724604979746432,False
2004-02-15 01:42:39,2.3187165734635227,3.724604979746432,False
2004-02-15 01:52:39,1.2728659453411229,3.724604979746432,False
2004-02-15 02:02:39,0.23050385144920435,3.724604979746432,False
2004-02-15 02:12:39,1.314069923389381,3.724604979746432,False
2004-02-15 02:22:39,1.6962956147414117,3.724604979746432,False
2004-02-15 02:32:39,2.6128121226771994,3.724604979746432,False
2004-02-15 02:42:39,1.791099030208992,3.724604979746432,False
2004-02-15 02:52:39,2.0021844616871207,3.724604979746432,False
2004-02-15 03:02:39,3.1324787958004436,3.724604979746432,False
2004-02-15 03:12:39,2.3010816910961753,3.724604979746432,False
2004-02-15 03:22:39,0.8339892095518975,3.724604979746432,False
2004-02-15 03:32:39,1.678142461239041,3.724604979746432,False
2004-02-15 03:42:39,1.2310152841463329,3.724604979746432,False
2004-02-15 03:52:39,0.9080223998930173,3.724604979746432,False
2004-02-15 04:02:39,0.8771876923642522,3.724604979746432,False
2004-02-15 04:12:39,0.6355715377313935,3.724604979746432,False
2004-02-15 04:22:39,1.6518590534780042,3.724604979746432,False
2004-02-15 04:32:39,1.3880247293524168,3.724604979746432,False
2004-02-15 04:42:39,1.0497510609800953,3.724604979746432,False
2004-02-15 04:52:39,3.706573378120156,3.724604979746432,False
2004-02-15 05:02:39,1.0145036898309088,3.724604979746432,False
2004-02-15 05:12:39,1.286597958257649,3.724604979746432,False
2004-02-15 05:22:39,2.9417966135994145,3.724604979746432,False
2004-02-15 05:32:39,1.732669545481742,3.724604979746432,False
2004-02-15 05:42:39,4.177943575068581,3.724604979746432,True
2004-02-15 05:52:39,2.3544942447253216,3.724604979746432,False
2004-02-15 06:02:39,1.8869924927262542,3.724604979746432,False
2004-02-15 06:12:39,1.9803699087727649,3.724604979746432,False
2004-02-15 06:22:39,2.599489871651489,3.724604979746432,False
2004-02-15 06:32:39,1.9008695443312242,3.724604979746432,False
2004-02-15 06:42:39,2.4546321170917853,3.724604979746432,False
2004-02-15 06:52:39,1.762304392573461,3.724604979746432,False
2004-02-15 07:02:39,1.8614962258843013,3.724604979746432,False
2004-02-15 07:12:39,1.98461870823185,3.724604979746432,False
2004-02-15 07:22:39,2.8161738489277806,3.724604979746432,False
2004-02-15 07:32:39,1.3252130686868822,3.724604979746432,False
2004-02-15 07:42:39,1.3471411621581961,3.724604979746432,False
2004-02-15 07:52:39,1.8561106012866098,3.724604979746432,False
2004-02-15 08:02:39,1.52240615095385,3.724604979746432,False
2004-02-15 08:12:39,1.9227838615460524,3.724604979746432,False
2004-02-15 08:22:39,2.7088105182880486,3.724604979746432,False
2004-02-15 08:32:39,1.7080051414526733,3.724604979746432,False
2004-02-15 08:42:39,0.9281295798631841,3.724604979746432,False
2004-02-15 08:52:39,1.51080965152498,3.724604979746432,False
2004-02-15 09:02:39,1.082329764352141,3.724604979746432,False
2004-02-15 09:12:39,2.138317653707657,3.724604979746432,False
2004-02-15 09:22:39,1.0664818911163485,3.724604979746432,False
2004-02-15 09:32:39,1.8518466125226027,3.724604979746432,False
2004-02-15 09:42:39,2.015987634798302,3.724604979746432,False
2004-02-15 09:52:39,3.082625511056189,3.724604979746432,False
2004-02-15 10:02:39,1.4002801600499037,3.724604979746432,False
2004-02-15 10:12:39,1.395052130918529,3.724604979746432,False
2004-02-15 10:22:39,1.4538087080030453,3.724604979746432,False
2004-02-15 10:32:39,1.6479924954619882,3.724604979746432,False
2004-02-15 10:42:39,2.5813516421454965,3.724604979746432,False
2004-02-15 10:52:39,1.1106813488937552,3.724604979746432,False
2004-02-15 11:02:39,1.091123659011571,3.724604979746432,False
2004-02-15 11:12:39,1.8680007953029474,3.724604979746432,False
2004-02-15 11:22:39,2.2209531766519537,3.724604979746432,False
2004-02-15 11:32:39,2.590004298105775,3.724604979746432,False
2004-02-15 11:42:39,1.27364396202488,3.724604979746432,False
2004-02-15 11:52:39,1.1479641139007117,3.724604979746432,False
2004-02-15 12:02:39,1.5962080696455871,3.724604979746432,False
2004-02-15 12:12:39,1.9784588661136988,3.724604979746432,False
2004-02-15 12:22:39,1.0919312387189806,3.724604979746432,False
2004-02-15 12:32:39,2.3987162942875666,3.724604979746432,False
2004-02-15 12:42:39,0.19334232547998495,3.724604979746432,False
2004-02-15 12:52:39,1.2849059974933341,3.724604979746432,False
2004-02-15 13:02:39,2.139931864319916,3.724604979746432,False
2004-02-15 13:12:39,2.5066353608544847,3.724604979746432,False
2004-02-15 13:22:39,2.0274188597103273,3.724604979746432,False
2004-02-15 13:32:39,1.590759460038081,3.724604979746432,False
2004-02-15 13:42:39,0.3812192060536171,3.724604979746432,False
2004-02-15 13:52:39,1.8696414244087862,3.724604979746432,False
2004-02-15 14:02:39,0.33103265204230353,3.724604979746432,False
2004-02-15 14:12:39,0.4874499439641902,3.724604979746432,False
2004-02-15 14:22:39,1.6250423066909025,3.724604979746432,False
2004-02-15 14:32:39,2.4305142808150673,3.724604979746432,False
2004-02-15 14:42:39,1.669580803423488,3.724604979746432,False
2004-02-15 14:52:39,2.170151134026077,3.724604979746432,False
2004-02-15 15:02:39,0.941584071414443,3.724604979746432,False
2004-02-15 15:12:39,1.6522628100985848,3.724604979746432,False
2004-02-15 15:22:39,1.8496235394145997,3.724604979746432,False
2004-02-15 15:32:39,0.4983373579427169,3.724604979746432,False
2004-02-15 15:42:39,1.6806533812112074,3.724604979746432,False
2004-02-15 15:52:39,1.6973388254995825,3.724604979746432,False
2004-02-15 16:02:39,2.698000384280585,3.724604979746432,False
2004-02-15 16:12:39,1.338514582149814,3.724604979746432,False
2004-02-15 16:22:39,2.1269233522589692,3.724604979746432,False
2004-02-15 16:32:39,0.6280670428591653,3.724604979746432,False
2004-02-15 16:42:39,3.092977791389733,3.724604979746432,False
2004-02-15 16:52:39,1.1839586500059707,3.724604979746432,False
2004-02-15 17:02:39,2.293414619029456,3.724604979746432,False
2004-02-15 17:12:39,1.2495762101657788,3.724604979746432,False
2004-02-15 17:22:39,2.5956321325600498,3.724604979746432,False
2004-02-15 17:32:39,0.8386982244372536,3.724604979746432,False
2004-02-15 17:42:39,1.3286302370010217,3.724604979746432,False
2004-02-15 17:52:39,1.408673007349736,3.724604979746432,False
2004-02-15 18:02:39,1.9044772650945816,3.724604979746432,False
2004-02-15 18:12:39,2.004809468614527,3.724604979746432,False
2004-02-15 18:22:39,1.4468728235193187,3.724604979746432,False
2004-02-15 18:32:39,2.6387076221477903,3.724604979746432,False
2004-02-15 18:42:39,1.7195702496033736,3.724604979746432,False
2004-02-15 18:52:39,2.144436543077739,3.724604979746432,False
2004-02-15 19:02:39,2.551415338226031,3.724604979746432,False
2004-02-15 19:12:39,1.9039863867978952,3.724604979746432,False
2004-02-15 19:22:39,1.8632132036939824,3.724604979746432,False
2004-02-15 19:32:39,2.164994922558769,3.724604979746432,False
2004-02-15 19:42:39,2.2537611232688035,3.724604979746432,False
2004-02-15 19:52:39,0.8033925452869567,3.724604979746432,False
2004-02-15 20:02:39,3.103604623034753,3.724604979746432,False
2004-02-15 20:12:39,3.30406593584768,3.724604979746432,False
2004-02-15 20:22:39,1.9484718379438672,3.724604979746432,False
2004-02-15 20:32:39,2.0499518700189086,3.724604979746432,False
2004-02-15 20:42:39,1.6418986832218938,3.724604979746432,False
2004-02-15 20:52:39,3.062145527511847,3.724604979746432,False
2004-02-15 21:02:39,2.0621534198090083,3.724604979746432,False
2004-02-15 21:12:39,1.919576117537502,3.724604979746432,False
2004-02-15 21:22:39,1.8216930283306032,3.724604979746432,False
2004-02-15 21:32:39,1.607027873525109,3.724604979746432,False
2004-02-15 21:42:39,2.4189336536978177,3.724604979746432,False
2004-02-15 21:52:39,2.9446019405168826,3.724604979746432,False
2004-02-15 22:02:39,1.7699613072532336,3.724604979746432,False
2004-02-15 22:12:39,1.148155136082595,3.724604979746432,False
2004-02-15 22:22:39,1.0776692770264351,3.724604979746432,False
2004-02-15 22:32:39,1.4652260839252549,3.724604979746432,False
2004-02-15 22:42:39,0.9023060013277232,3.724604979746432,False
2004-02-15 22:52:39,1.3815489662721465,3.724604979746432,False
2004-02-15 23:02:39,0.5641466789804257,3.724604979746432,False
2004-02-15 23:12:39,0.5309357673161497,3.724604979746432,False
2004-02-15 23:22:39,1.1883063477252764,3.724604979746432,False
2004-02-15 23:32:39,1.3896388653029064,3.724604979746432,False
2004-02-15 23:42:39,1.8850311351542726,3.724604979746432,False
2004-02-15 23:52:39,1.4054788339784492,3.724604979746432,False
2004-02-16 00:02:39,1.5467929606195479,3.724604979746432,False
2004-02-16 00:12:39,1.4412033239787825,3.724604979746432,False
2004-02-16 00:22:39,1.5916952754393028,3.724604979746432,False
2004-02-16 00:32:39,1.3845958586025962,3.724604979746432,False
2004-02-16 00:42:39,1.0158906329022546,3.724604979746432,False
2004-02-16 00:52:39,2.8337679220773415,3.724604979746432,False
2004-02-16 01:02:39,1.356474470880576,3.724604979746432,False
2004-02-16 01:12:39,0.4656529814867021,3.724604979746432,False
2004-02-16 01:22:39,2.5196884500648067,3.724604979746432,False
2004-02-16 01:32:39,1.2609641616688156,3.724604979746432,False
2004-02-16 01:42:39,1.2880598148471885,3.724604979746432,False
2004-02-16 01:52:39,0.9316813328219348,3.724604979746432,False
2004-02-16 02:02:39,2.2949466894797257,3.724604979746432,False
2004-02-16 02:12:39,1.1461423030744526,3.724604979746432,False
2004-02-16 02:22:39,0.9328117948251774,3.724604979746432,False
2004-02-16 02:32:39,0.920167901637005,3.724604979746432,False
2004-02-16 02:42:39,1.8335487504237304,3.724604979746432,False
2004-02-16 02:52:39,1.7111462163516509,3.724604979746432,False
2004-02-16 03:02:39,1.7163038966593511,3.724604979746432,False
2004-02-16 03:12:39,1.79902128027875,3.724604979746432,False
2004-02-16 03:22:39,2.6022576930219032,3.724604979746432,False
2004-02-16 03:32:39,1.6175595036078323,3.724604979746432,False
2004-02-16 03:42:39,1.7944573234975003,3.724604979746432,False
2004-02-16 03:52:39,1.8120858718846526,3.724604979746432,False
2004-02-16 04:02:39,1.7123347864380631,3.724604979746432,False
2004-02-16 04:12:39,5.031201209137693,3.724604979746432,True
2004-02-16 04:22:39,3.681988467551593,3.724604979746432,False
2004-02-16 04:32:39,1.5981579130571082,3.724604979746432,False
2004-02-16 04:42:39,1.7297475134500695,3.724604979746432,False
2004-02-16 04:52:39,1.9985680799685168,3.724604979746432,False
2004-02-16 05:02:39,2.6145944752717374,3.724604979746432,False
2004-02-16 05:12:39,1.2926570695936141,3.724604979746432,False
2004-02-16 05:22:39,2.7905032038289788,3.724604979746432,False
2004-02-16 05:32:39,1.9045060526942839,3.724604979746432,False
2004-02-16 05:42:39,2.726808337321982,3.724604979746432,False
2004-02-16 05:52:39,2.868094881734227,3.724604979746432,False
2004-02-16 06:02:39,3.5231518032933815,3.724604979746432,False
2004-02-16 06:12:39,4.834599217505205,3.724604979746432,True
2004-02-16 06:22:39,3.1668545339849805,3.724604979746432,False
2004-02-16 06:32:39,3.375177693889314,3.724604979746432,False
2004-02-16 06:42:39,2.7424865541244396,3.724604979746432,False
2004-02-16 06:52:39,4.101355181514218,3.724604979746432,True
2004-02-16 07:02:39,3.3775408435727385,3.724604979746432,False
2004-02-16 07:12:39,1.729078018388419,3.724604979746432,False
2004-02-16 07:22:39,4.241496642858747,3.724604979746432,True
2004-02-16 07:32:39,1.9971608524489892,3.724604979746432,False
2004-02-16 07:42:39,3.4580692788107252,3.724604979746432,False
2004-02-16 07:52:39,3.9576478010110145,3.724604979746432,True
2004-02-16 08:02:39,3.1379112073244473,3.724604979746432,False
2004-02-16 08:12:39,3.3122193512041105,3.724604979746432,False
2004-02-16 08:22:39,3.8079693752903983,3.724604979746432,True
2004-02-16 08:32:39,2.5173522913374757,3.724604979746432,False
2004-02-16 08:42:39,3.3273202653582192,3.724604979746432,False
2004-02-16 08:52:39,4.120311852774595,3.724604979746432,True
2004-02-16 09:02:39,2.425043901115396,3.724604979746432,False
2004-02-16 09:12:39,2.576765969541164,3.724604979746432,False
2004-02-16 09:22:39,3.933606417621049,3.724604979746432,True
2004-02-16 09:32:39,3.7124911496893294,3.724604979746432,False
2004-02-16 09:42:39,4.2751804610901525,3.724604979746432,True
2004-02-16 09:52:39,2.9130246367638972,3.724604979746432,False
2004-02-16 10:02:39,3.7905686840819506,3.724604979746432,True
2004-02-16 10:12:39,3.577303363818027,3.724604979746432,False
2004-02-16 10:22:39,4.954350266522432,3.724604979746432,True
2004-02-16 10:32:39,3.145809583863431,3.724604979746432,False
2004-02-16 10:42:39,3.4702216948471842,3.724604979746432,False
2004-02-16 10:52:39,3.394600212905676,3.724604979746432,False
2004-02-16 11:02:39,5.902457639474628,3.724604979746432,True
2004-02-16 11:12:39,3.801363125922937,3.724604979746432,True
2004-02-16 11:22:39,4.85246847633499,3.724604979746432,True
2004-02-16 11:32:39,3.5612690925217847,3.724604979746432,False
2004-02-16 11:42:39,5.762231926776493,3.724604979746432,True
2004-02-16 11:52:39,3.319648442163772,3.724604979746432,False
2004-02-16 12:02:39,3.634697381587903,3.724604979746432,False
2004-02-16 12:12:39,5.136624240423136,3.724604979746432,True
2004-02-16 12:22:39,5.6772846388061895,3.724604979746432,True
2004-02-16 12:32:39,3.712275090031921,3.724604979746432,False
2004-02-16 12:42:39,5.503024596655821,3.724604979746432,True
2004-02-16 12:52:39,4.337985164345198,3.724604979746432,True
2004-02-16 13:02:39,3.396628873876274,3.724604979746432,False
2004-02-16 13:12:39,4.074317458510011,3.724604979746432,True
2004-02-16 13:22:39,5.28386318177614,3.724604979746432,True
2004-02-16 13:32:39,5.707765684186023,3.724604979746432,True
2004-02-16 13:42:39,4.218199088036555,3.724604979746432,True
2004-02-16 13:52:39,4.537959528625087,3.724604979746432,True
2004-02-16 14:02:39,5.309753347410109,3.724604979746432,True
2004-02-16 14:12:39,4.960754139212914,3.724604979746432,True
2004-02-16 14:22:39,4.916308866332757,3.724604979746432,True
2004-02-16 14:32:39,5.246158232286662,3.724604979746432,True
2004-02-16 14:42:39,5.051719856611936,3.724604979746432,True
2004-02-16 14:52:39,4.59710127932386,3.724604979746432,True
2004-02-16 15:02:39,4.970864461933185,3.724604979746432,True
2004-02-16 15:12:39,4.487449076247068,3.724604979746432,True
2004-02-16 15:22:39,6.14372946992657,3.724604979746432,True
2004-02-16 15:32:39,4.778928513007132,3.724604979746432,True
2004-02-16 15:42:39,6.162027322939941,3.724604979746432,True
2004-02-16 15:52:39,7.13603912783657,3.724604979746432,True
2004-02-16 16:02:39,6.438186896494313,3.724604979746432,True
2004-02-16 16:12:39,7.458660906599608,3.724604979746432,True
2004-02-16 16:22:39,5.810101397115784,3.724604979746432,True
2004-02-16 16:32:39,6.492014818672333,3.724604979746432,True
2004-02-16 16:42:39,6.652043902188198,3.724604979746432,True
2004-02-16 16:52:39,7.536788418074617,3.724604979746432,True
2004-02-16 17:02:39,7.120199621298599,3.724604979746432,True
2004-02-16 17:12:39,6.230675053841133,3.724604979746432,True
2004-02-16 17:22:39,7.246636377101085,3.724604979746432,True
2004-02-16 17:32:39,7.4595183338798,3.724604979746432,True
2004-02-16 17:42:39,6.759396334753904,3.724604979746432,True
2004-02-16 17:52:39,4.441433424996692,3.724604979746432,True
2004-02-16 18:02:39,8.770906794958284,3.724604979746432,True
2004-02-16 18:12:39,6.443386857976535,3.724604979746432,True
2004-02-16 18:22:39,6.759082237293905,3.724604979746432,True
2004-02-16 18:32:39,7.67597646896512,3.724604979746432,True
2004-02-16 18:42:39,6.944726308735619,3.724604979746432,True
2004-02-16 18:52:39,6.559258014757341,3.724604979746432,True
2004-02-16 19:02:39,6.435457960728748,3.724604979746432,True
2004-02-16 19:12:39,7.763473490633506,3.724604979746432,True
2004-02-16 19:22:39,6.770476782242619,3.724604979746432,True
2004-02-16 19:32:39,5.641483286244349,3.724604979746432,True
2004-02-16 19:42:39,7.5621309747035435,3.724604979746432,True
2004-02-16 19:52:39,8.152927238936307,3.724604979746432,True
2004-02-16 20:02:39,5.431236478171382,3.724604979746432,True
2004-02-16 20:12:39,7.234756678633647,3.724604979746432,True
2004-02-16 20:22:39,6.564361718088943,3.724604979746432,True
2004-02-16 20:32:39,6.86073637166295,3.724604979746432,True
2004-02-16 20:42:39,7.091701614199721,3.724604979746432,True
2004-02-16 20:52:39,6.277353115223639,3.724604979746432,True
2004-02-16 21:02:39,7.732534136640686,3.724604979746432,True
2004-02-16 21:12:39,7.393803034578073,3.724604979746432,True
2004-02-16 21:22:39,7.54806495851042,3.724604979746432,True
2004-02-16 21:32:39,7.881735452659289,3.724604979746432,True
2004-02-16 21:42:39,6.90883077001843,3.724604979746432,True
2004-02-16 21:52:39,7.210881527150608,3.724604979746432,True
2004-02-16 22:02:39,7.203880845240926,3.724604979746432,True
2004-02-16 22:12:39,7.917519380486642,3.724604979746432,True
2004-02-16 22:22:39,9.691872619405379,3.724604979746432,True
2004-02-16 22:32:39,10.652041820858129,3.724604979746432,True
2004-02-16 22:42:39,10.390481305601815,3.724604979746432,True
2004-02-16 22:52:39,11.203638102154361,3.724604979746432,True
2004-02-16 23:02:39,10.295897897809832,3.724604979746432,True
2004-02-16 23:12:39,9.772806877747295,3.724604979746432,True
2004-02-16 23:22:39,11.182485610623258,3.724604979746432,True
2004-02-16 23:32:39,10.43765647867012,3.724604979746432,True
2004-02-16 23:42:39,9.569587336717879,3.724604979746432,True
2004-02-16 23:52:39,10.771376162698816,3.724604979746432,True
2004-02-17 00:02:39,11.197802501189477,3.724604979746432,True
2004-02-17 00:12:39,10.122742046656006,3.724604979746432,True
2004-02-17 00:22:39,11.276869656203552,3.724604979746432,True
2004-02-17 00:32:39,10.776017973902356,3.724604979746432,True
2004-02-17 00:42:39,11.128760117867499,3.724604979746432,True
2004-02-17 00:52:39,12.554243173946642,3.724604979746432,True
2004-02-17 01:02:39,9.90163735480267,3.724604979746432,True
2004-02-17 01:12:39,9.603111702365323,3.724604979746432,True
2004-02-17 01:22:39,10.995376615729286,3.724604979746432,True
2004-02-17 01:32:39,12.181223070313624,3.724604979746432,True
2004-02-17 01:42:39,9.888016169629848,3.724604979746432,True
2004-02-17 01:52:39,9.283752193383817,3.724604979746432,True
2004-02-17 02:02:39,11.15968167953243,3.724604979746432,True
2004-02-17 02:12:39,11.131695332030953,3.724604979746432,True
2004-02-17 02:22:39,10.735659829450674,3.724604979746432,True
2004-02-17 02:32:39,10.095330836594112,3.724604979746432,True
2004-02-17 02:42:39,9.935943018649157,3.724604979746432,True
2004-02-17 02:52:39,10.784645797362709,3.724604979746432,True
2004-02-17 03:02:39,9.352303465486607,3.724604979746432,True
2004-02-17 03:12:39,9.806799836067109,3.724604979746432,True
2004-02-17 03:22:39,11.274554369019802,3.724604979746432,True
2004-02-17 03:32:39,11.138401444557262,3.724604979746432,True
2004-02-17 03:42:39,9.738795708512113,3.724604979746432,True
2004-02-17 03:52:39,10.368140132511044,3.724604979746432,True
2004-02-17 04:02:39,9.355175361259576,3.724604979746432,True
2004-02-17 04:12:39,10.065063687308355,3.724604979746432,True
2004-02-17 04:22:39,10.28199650215013,3.724604979746432,True
2004-02-17 04:32:39,10.637759413872693,3.724604979746432,True
2004-02-17 04:42:39,10.340766270435541,3.724604979746432,True
2004-02-17 04:52:39,11.468861520342868,3.724604979746432,True
2004-02-17 05:02:39,9.869757491211326,3.724604979746432,True
2004-02-17 05:12:39,11.678559726792491,3.724604979746432,True
2004-02-17 05:22:39,11.056958974931035,3.724604979746432,True
2004-02-17 05:32:39,10.912233835825694,3.724604979746432,True
2004-02-17 05:42:39,11.587799718488874,3.724604979746432,True
2004-02-17 05:52:39,11.431106845870222,3.724604979746432,True
2004-02-17 06:02:39,12.281052482588587,3.724604979746432,True
2004-02-17 06:12:39,11.119808453014949,3.724604979746432,True
2004-02-17 06:22:39,10.399863636303198,3.724604979746432,True
2004-02-17 06:32:39,11.87567209918677,3.724604979746432,True
2004-02-17 06:42:39,11.171020661126247,3.724604979746432,True
2004-02-17 06:52:39,10.196662722273944,3.724604979746432,True
2004-02-17 07:02:39,13.250153404686053,3.724604979746432,True
2004-02-17 07:12:39,13.903060183582205,3.724604979746432,True
2004-02-17 07:22:39,16.80390485413891,3.724604979746432,True
2004-02-17 07:32:39,34.4004034055024,3.724604979746432,True
2004-02-17 07:42:39,36.71420391368571,3.724604979746432,True
2004-02-17 07:52:39,35.954606909724056,3.724604979746432,True
2004-02-17 08:02:39,35.527788685088204,3.724604979746432,True
2004-02-17 08:12:39,34.38985007341282,3.724604979746432,True
2004-02-17 08:22:39,35.78096993896861,3.724604979746432,True
2004-02-17 08:32:39,35.13396165815727,3.724604979746432,True
2004-02-17 08:42:39,33.63010796322202,3.724604979746432,True
2004-02-17 08:52:39,36.34353354567352,3.724604979746432,True
2004-02-17 09:02:39,36.19255255271922,3.724604979746432,True
2004-02-17 09:12:39,34.220018342752766,3.724604979746432,True
2004-02-17 09:22:39,35.678448034048934,3.724604979746432,True
2004-02-17 09:32:39,35.46201674591272,3.724604979746432,True
2004-02-17 09:42:39,34.49472783427621,3.724604979746432,True
2004-02-17 09:52:39,33.061224703152554,3.724604979746432,True
2004-02-17 10:02:39,33.23060835902337,3.724604979746432,True
2004-02-17 10:12:39,33.60384418545934,3.724604979746432,True
2004-02-17 10:22:39,34.49650592250917,3.724604979746432,True
2004-02-17 10:32:39,33.08038505631815,3.724604979746432,True
2004-02-17 10:42:39,32.70778055231903,3.724604979746432,True
2004-02-17 10:52:39,32.228113010269745,3.724604979746432,True
2004-02-17 11:02:39,32.851156716015076,3.724604979746432,True
2004-02-17 11:12:39,33.31756838455645,3.724604979746432,True
2004-02-17 11:22:39,35.51665572369266,3.724604979746432,True
2004-02-17 11:32:39,35.01454660556123,3.724604979746432,True
2004-02-17 11:42:39,34.37120783947517,3.724604979746432,True
2004-02-17 11:52:39,33.15885488988157,3.724604979746432,True
2004-02-17 12:02:39,33.28666772416388,3.724604979746432,True
2004-02-17 12:12:39,34.41197331727378,3.724604979746432,True
2004-02-17 12:22:39,30.793552503155954,3.724604979746432,True
2004-02-17 12:32:39,32.42820346723981,3.724604979746432,True
2004-02-17 12:42:39,30.47623307158863,3.724604979746432,True
2004-02-17 12:52:39,31.645610676934012,3.724604979746432,True
2004-02-17 13:02:39,30.00578936937295,3.724604979746432,True
2004-02-17 13:12:39,30.08327606617342,3.724604979746432,True
2004-02-17 13:22:39,31.27633880741636,3.724604979746432,True
2004-02-17 13:32:39,26.89692838502414,3.724604979746432,True
2004-02-17 13:42:39,25.340386435955647,3.724604979746432,True
2004-02-17 13:52:39,29.160717608131705,3.724604979746432,True
2004-02-17 14:02:39,27.206262489383782,3.724604979746432,True
2004-02-17 14:12:39,27.20113162136194,3.724604979746432,True
2004-02-17 14:22:39,25.36173901876037,3.724604979746432,True
2004-02-17 14:32:39,26.31180274854144,3.724604979746432,True
2004-02-17 14:42:39,25.43093893824642,3.724604979746432,True
2004-02-17 14:52:39,26.203165745280796,3.724604979746432,True
2004-02-17 15:02:39,25.77888791216663,3.724604979746432,True
2004-02-17 15:12:39,27.034499103750147,3.724604979746432,True
2004-02-17 15:22:39,22.88999073156885,3.724604979746432,True
2004-02-17 15:32:39,26.308586372522598,3.724604979746432,True
2004-02-17 15:42:39,25.28760989530716,3.724604979746432,True
2004-02-17 15:52:39,23.97322146706091,3.724604979746432,True
2004-02-17 16:02:39,24.601730583785336,3.724604979746432,True
2004-02-17 16:12:39,24.217568776545132,3.724604979746432,True
2004-02-17 16:22:39,24.037967821221855,3.724604979746432,True
2004-02-17 16:32:39,21.261514554099715,3.724604979746432,True
2004-02-17 16:42:39,20.417893404554302,3.724604979746432,True
2004-02-17 16:52:39,21.532567102104878,3.724604979746432,True
2004-02-17 17:02:39,21.24663765479948,3.724604979746432,True
2004-02-17 17:12:39,19.16008798981103,3.724604979746432,True
2004-02-17 17:22:39,19.651467348971487,3.724604979746432,True
2004-02-17 17:32:39,20.279929146155105,3.724604979746432,True
2004-02-17 17:42:39,17.87918988793348,3.724604979746432,True
2004-02-17 17:52:39,16.851924152382523,3.724604979746432,True
2004-02-17 18:02:39,15.148293895423551,3.724604979746432,True
2004-02-17 18:12:39,16.087409851820755,3.724604979746432,True
2004-02-17 18:22:39,15.61809266846261,3.724604979746432,True
2004-02-17 18:32:39,17.399251051623395,3.724604979746432,True
2004-02-17 18:42:39,16.29461836174159,3.724604979746432,True
2004-02-17 18:52:39,15.73190864361114,3.724604979746432,True
2004-02-17 19:02:39,15.682264767455191,3.724604979746432,True
2004-02-17 19:12:39,15.498760481110375,3.724604979746432,True
2004-02-17 19:22:39,14.735463225213966,3.724604979746432,True
2004-02-17 19:32:39,13.968448834906265,3.724604979746432,True
2004-02-17 19:42:39,14.341295915425574,3.724604979746432,True
2004-02-17 19:52:39,15.688268066856367,3.724604979746432,True
2004-02-17 20:02:39,14.98370448597359,3.724604979746432,True
2004-02-17 20:12:39,14.3615649223032,3.724604979746432,True
2004-02-17 20:22:39,13.84163190165707,3.724604979746432,True
2004-02-17 20:32:39,14.325140070127098,3.724604979746432,True
2004-02-17 20:42:39,12.139067297599365,3.724604979746432,True
2004-02-17 20:52:39,14.018669740991964,3.724604979746432,True
2004-02-17 21:02:39,12.954552689028546,3.724604979746432,True
2004-02-17 21:12:39,12.499607710393423,3.724604979746432,True
2004-02-17 21:22:39,12.7570055369612,3.724604979746432,True
2004-02-17 21:32:39,13.696894893869459,3.724604979746432,True
2004-02-17 21:42:39,11.636675566034159,3.724604979746432,True
2004-02-17 21:52:39,13.991556770614492,3.724604979746432,True
2004-02-17 22:02:39,12.492857610939524,3.724604979746432,True
2004-02-17 22:12:39,12.948767223279466,3.724604979746432,True
2004-02-17 22:22:39,13.327508622942004,3.724604979746432,True
2004-02-17 22:32:39,12.769690964505795,3.724604979746432,True
2004-02-17 22:42:39,13.193951832315365,3.724604979746432,True
2004-02-17 22:52:39,14.706056602472556,3.724604979746432,True
2004-02-17 23:02:39,14.427669582824622,3.724604979746432,True
2004-02-17 23:12:39,13.289431034066098,3.724604979746432,True
2004-02-17 23:22:39,13.839465387584058,3.724604979746432,True
2004-02-17 23:32:39,12.220905243661996,3.724604979746432,True
2004-02-17 23:42:39,14.235354399955106,3.724604979746432,True
2004-02-17 23:52:39,14.192508470829122,3.724604979746432,True
2004-02-18 00:02:39,13.823376059117725,3.724604979746432,True
2004-02-18 00:12:39,14.230063089354466,3.724604979746432,True
2004-02-18 00:22:39,13.301778271897085,3.724604979746432,True
2004-02-18 00:32:39,15.580189712984085,3.724604979746432,True
2004-02-18 00:42:39,13.802761697007732,3.724604979746432,True
2004-02-18 00:52:39,14.545809888887716,3.724604979746432,True
2004-02-18 01:02:39,15.612797800252098,3.724604979746432,True
2004-02-18 01:12:39,16.986939655676238,3.724604979746432,True
2004-02-18 01:22:39,14.033898808205041,3.724604979746432,True
2004-02-18 01:32:39,14.742866181814879,3.724604979746432,True
2004-02-18 01:42:39,13.842750162216078,3.724604979746432,True
2004-02-18 01:52:39,15.01274499499728,3.724604979746432,True
2004-02-18 02:02:39,14.109264218721986,3.724604979746432,True
2004-02-18 02:12:39,15.074916795621315,3.724604979746432,True
2004-02-18 02:22:39,15.195285027920187,3.724604979746432,True
2004-02-18 02:32:39,15.602774164827077,3.724604979746432,True
2004-02-18 02:42:39,16.378157629613096,3.724604979746432,True
2004-02-18 02:52:39,14.637009551914753,3.724604979746432,True
2004-02-18 03:02:39,16.719737907121484,3.724604979746432,True
2004-02-18 03:12:39,16.8447920777175,3.724604979746432,True
2004-02-18 03:22:39,15.533793750519832,3.724604979746432,True
2004-02-18 03:32:39,17.110636870476473,3.724604979746432,True
2004-02-18 03:42:39,25.224665232000163,3.724604979746432,True
2004-02-18 03:52:39,26.034942877309728,3.724604979746432,True
2004-02-18 04:02:39,25.78102839815063,3.724604979746432,True
2004-02-18 04:12:39,28.121192169634266,3.724604979746432,True
2004-02-18 04:22:39,25.548123969385248,3.724604979746432,True
2004-02-18 04:32:39,28.625026287010318,3.724604979746432,True
2004-02-18 04:42:39,29.575743425251293,3.724604979746432,True
2004-02-18 04:52:39,28.191833897381244,3.724604979746432,True
2004-02-18 05:02:39,29.878158254623994,3.724604979746432,True
2004-02-18 05:12:39,29.539416491714423,3.724604979746432,True
2004-02-18 05:22:39,30.81103858103105,3.724604979746432,True
2004-02-18 05:32:39,30.50939603174625,3.724604979746432,True
2004-02-18 05:42:39,33.44868659937441,3.724604979746432,True
2004-02-18 05:52:39,32.11015136908959,3.724604979746432,True
2004-02-18 06:02:39,34.531099457472536,3.724604979746432,True
2004-02-18 06:12:39,35.39982607772555,3.724604979746432,True
2004-02-18 06:22:39,35.17420932085264,3.724604979746432,True
2004-02-18 06:32:39,36.296496004915205,3.724604979746432,True
2004-02-18 06:42:39,35.31542699680829,3.724604979746432,True
2004-02-18 06:52:39,36.46214135994767,3.724604979746432,True
2004-02-18 07:02:39,36.53826787713478,3.724604979746432,True
2004-02-18 07:12:39,36.631047134732896,3.724604979746432,True
2004-02-18 07:22:39,38.05959946624052,3.724604979746432,True
2004-02-18 07:32:39,36.621870619889144,3.724604979746432,True
2004-02-18 07:42:39,35.15585923390933,3.724604979746432,True
2004-02-18 07:52:39,38.97503097184935,3.724604979746432,True
2004-02-18 08:02:39,40.31279441348762,3.724604979746432,True
2004-02-18 08:12:39,39.6311334718157,3.724604979746432,True
2004-02-18 08:22:39,40.871854102796014,3.724604979746432,True
2004-02-18 08:32:39,38.702318385938476,3.724604979746432,True
2004-02-18 08:42:39,35.84776488822578,3.724604979746432,True
2004-02-18 08:52:39,35.22634184390217,3.724604979746432,True
2004-02-18 09:02:39,36.54956661693284,3.724604979746432,True
2004-02-18 09:12:39,38.34427606270985,3.724604979746432,True
2004-02-18 09:22:39,39.392814515836044,3.724604979746432,True
2004-02-18 09:32:39,36.59496657105157,3.724604979746432,True
2004-02-18 09:42:39,35.3756349573653,3.724604979746432,True
2004-02-18 09:52:39,36.75269283749756,3.724604979746432,True
2004-02-18 10:02:39,35.65062404318094,3.724604979746432,True
2004-02-18 10:12:39,39.38282770878779,3.724604979746432,True
2004-02-18 10:22:39,36.89520686845633,3.724604979746432,True
2004-02-18 10:32:39,36.349576516074855,3.724604979746432,True
2004-02-18 10:42:39,34.92499187769453,3.724604979746432,True
2004-02-18 10:52:39,34.090572702704904,3.724604979746432,True
2004-02-18 11:02:39,32.35502932239579,3.724604979746432,True
2004-02-18 11:12:39,31.675310325836346,3.724604979746432,True
2004-02-18 11:22:39,32.647364390633236,3.724604979746432,True
2004-02-18 11:32:39,32.61729685672471,3.724604979746432,True
2004-02-18 11:42:39,32.17897862316143,3.724604979746432,True
2004-02-18 11:52:39,39.82072336272821,3.724604979746432,True
2004-02-18 12:02:39,40.38042365281125,3.724604979746432,True
2004-02-18 12:12:39,38.72671661426782,3.724604979746432,True
2004-02-18 12:22:39,38.67082439823721,3.724604979746432,True
2004-02-18 12:32:39,38.427708906868475,3.724604979746432,True
2004-02-18 12:42:39,36.873302578240114,3.724604979746432,True
2004-02-18 12:52:39,35.547836269044204,3.724604979746432,True
2004-02-18 13:02:39,36.55084624880191,3.724604979746432,True
2004-02-18 13:12:39,38.252029565953684,3.724604979746432,True
2004-02-18 13:22:39,36.42832859014218,3.724604979746432,True
2004-02-18 13:32:39,36.222145016414224,3.724604979746432,True
2004-02-18 13:42:39,37.12230622697152,3.724604979746432,True
2004-02-18 13:52:39,38.31553325215281,3.724604979746432,True
2004-02-18 14:02:39,39.12491598624684,3.724604979746432,True
2004-02-18 14:12:39,39.059125369244406,3.724604979746432,True
2004-02-18 14:22:39,39.633810137199184,3.724604979746432,True
2004-02-18 14:32:39,38.56995508693796,3.724604979746432,True
2004-02-18 14:42:39,43.53739598667054,3.724604979746432,True
2004-02-18 14:52:39,39.78775680894462,3.724604979746432,True
2004-02-18 15:02:39,35.062237489086144,3.724604979746432,True
2004-02-18 15:12:39,35.375770536686005,3.724604979746432,True
2004-02-18 15:22:39,34.13715597703072,3.724604979746432,True
2004-02-18 15:32:39,32.258449897795245,3.724604979746432,True
2004-02-18 15:42:39,32.25783906111044,3.724604979746432,True
2004-02-18 15:52:39,31.778373796158668,3.724604979746432,True
2004-02-18 16:02:39,30.42178250206511,3.724604979746432,True
2004-02-18 16:12:39,31.687602075156647,3.724604979746432,True
2004-02-18 16:22:39,30.73504098279368,3.724604979746432,True
2004-02-18 16:32:39,30.686700517383617,3.724604979746432,True
2004-02-18 16:42:39,34.941390926708614,3.724604979746432,True
2004-02-18 16:52:39,35.368633711725046,3.724604979746432,True
2004-02-18 17:02:39,41.42060533259436,3.724604979746432,True
2004-02-18 17:12:39,43.16961494808748,3.724604979746432,True
2004-02-18 17:22:39,48.551042840794686,3.724604979746432,True
2004-02-18 17:32:39,54.12997647325777,3.724604979746432,True
2004-02-18 17:42:39,54.83793680551679,3.724604979746432,True
2004-02-18 17:52:39,56.930499715404885,3.724604979746432,True
2004-02-18 18:02:39,55.54551040298141,3.724604979746432,True
2004-02-18 18:12:39,53.14584286667362,3.724604979746432,True
2004-02-18 18:22:39,49.863509107557434,3.724604979746432,True
2004-02-18 18:32:39,54.84778348524436,3.724604979746432,True
2004-02-18 18:42:39,53.89734539340002,3.724604979746432,True
2004-02-18 18:52:39,55.09067472977986,3.724604979746432,True
2004-02-18 19:02:39,61.92987296299005,3.724604979746432,True
2004-02-18 19:12:39,58.54592846540637,3.724604979746432,True
2004-02-18 19:22:39,56.53301436442463,3.724604979746432,True
2004-02-18 19:32:39,57.422242632916316,3.724604979746432,True
2004-02-18 19:42:39,56.994135851246156,3.724604979746432,True
2004-02-18 19:52:39,60.49113281591699,3.724604979746432,True
2004-02-18 20:02:39,60.684693677659666,3.724604979746432,True
2004-02-18 20:12:39,67.69767403920831,3.724604979746432,True
2004-02-18 20:22:39,68.05142279662545,3.724604979746432,True
2004-02-18 20:32:39,65.45485189836639,3.724604979746432,True
2004-02-18 20:42:39,65.69104973033174,3.724604979746432,True
2004-02-18 20:52:39,62.193450462787624,3.724604979746432,True
2004-02-18 21:02:39,57.27716897739193,3.724604979746432,True
2004-02-18 21:12:39,62.02544184861377,3.724604979746432,True
2004-02-18 21:22:39,68.43713492716503,3.724604979746432,True
2004-02-18 21:32:39,62.40105782067101,3.724604979746432,True
2004-02-18 21:42:39,68.00402012484307,3.724604979746432,True
2004-02-18 21:52:39,73.65245621068136,3.724604979746432,True
2004-02-18 22:02:39,77.12776577800817,3.724604979746432,True
2004-02-18 22:12:39,84.33216999486717,3.724604979746432,True
2004-02-18 22:22:39,100.68215688396357,3.724604979746432,True
2004-02-18 22:32:39,78.71330410474896,3.724604979746432,True
2004-02-18 22:42:39,80.5411779036394,3.724604979746432,True
2004-02-18 22:52:39,82.61634724071644,3.724604979746432,True
2004-02-18 23:02:39,68.3587578180672,3.724604979746432,True
2004-02-18 23:12:39,68.52043541974504,3.724604979746432,True
2004-02-18 23:22:39,73.30688449761288,3.724604979746432,True
2004-02-18 23:32:39,72.97149451727117,3.724604979746432,True
2004-02-18 23:42:39,85.49089351366757,3.724604979746432,True
2004-02-18 23:52:39,80.68832902532442,3.724604979746432,True
2004-02-19 00:02:39,90.08566036994189,3.724604979746432,True
2004-02-19 00:12:39,82.7969105013502,3.724604979746432,True
2004-02-19 00:22:39,73.63796891326704,3.724604979746432,True
2004-02-19 00:32:39,67.56671371603184,3.724604979746432,True
2004-02-19 00:42:39,67.18995481728848,3.724604979746432,True
2004-02-19 00:52:39,83.53381967113859,3.724604979746432,True
2004-02-19 01:02:39,100.07175060806357,3.724604979746432,True
2004-02-19 01:12:39,108.07953395883547,3.724604979746432,True
2004-02-19 01:22:39,88.46697896431202,3.724604979746432,True
2004-02-19 01:32:39,104.29890039192789,3.724604979746432,True
2004-02-19 01:42:39,83.7971598740837,3.724604979746432,True
2004-02-19 01:52:39,93.43692577447548,3.724604979746432,True
2004-02-19 02:02:39,84.82283926323574,3.724604979746432,True
2004-02-19 02:12:39,112.47995466436332,3.724604979746432,True
2004-02-19 02:22:39,85.33350149258573,3.724604979746432,True
2004-02-19 02:32:39,112.70649967557586,3.724604979746432,True
2004-02-19 02:42:39,139.1468350895684,3.724604979746432,True
2004-02-19 02:52:39,132.5144046200844,3.724604979746432,True
2004-02-19 03:02:39,110.5567795707638,3.724604979746432,True
2004-02-19 03:12:39,110.96035509176416,3.724604979746432,True
2004-02-19 03:22:39,149.81879324645317,3.724604979746432,True
2004-02-19 03:32:39,152.5490798480354,3.724604979746432,True
2004-02-19 03:42:39,179.28387934837545,3.724604979746432,True
2004-02-19 03:52:39,152.4874101141244,3.724604979746432,True
2004-02-19 04:02:39,162.2157005854694,3.724604979746432,True
2004-02-19 04:12:39,193.0828268552077,3.724604979746432,True
2004-02-19 04:22:39,209.71088564219363,3.724604979746432,True
2004-02-19 04:32:39,189.6212447606939,3.724604979746432,True
2004-02-19 04:42:39,147.21351236687087,3.724604979746432,True
2004-02-19 04:52:39,216.8600922215164,3.724604979746432,True
2004-02-19 05:02:39,256.2810159990969,3.724604979746432,True
2004-02-19 05:12:39,228.59643344354419,3.724604979746432,True
2004-02-19 05:22:39,228.26394911898203,3.724604979746432,True
2004-02-19 05:32:39,209.9114585583576,3.724604979746432,True
2004-02-19 05:42:39,295.6726543705739,3.724604979746432,True
2004-02-19 05:52:39,208.3198585692612,3.724604979746432,True
2004-02-19 06:02:39,229.26341307450127,3.724604979746432,True
2004-02-19 06:12:39,105.69349033225083,3.724604979746432,True
2004-02-19 06:22:39,107.27540116110502,3.724604979746432,True
